<?xml version="1.0" encoding="UTF-8"?>
<con:soapui-project id="bf269284-e3af-4b6a-b628-d7f7d7409a60" activeEnvironment="Default" name="IIBClasses" resourceRoot="${projectDir}" soapui-version="5.6.0" abortOnError="false" runType="SEQUENTIAL" xmlns:con="http://eviware.com/soapui/config"><con:settings/><con:interface xsi:type="con:RestService" id="4de11b1a-8bae-462e-94c6-334cec820dad" wadlVersion="http://wadl.dev.java.net/2009/02" name="http://localhost:7800" type="rest" xmlns:xsi="http://www.w3.org/2001/XMLSchema-instance"><con:settings/><con:definitionCache type="TEXT" rootPart=""/><con:endpoints><con:endpoint>http://localhost:7800</con:endpoint></con:endpoints><con:resource name="JSONArrayRead" path="/JSONArrayRead" id="555f400b-1bae-4018-a4b4-ff8bbd4c0a5f"><con:settings/><con:parameters/><con:method name="JSONArrayRead 1" id="20ffb3e3-5d0e-4d3b-822e-777d56196efd" method="POST"><con:settings/><con:parameters/><con:representation type="RESPONSE"><con:mediaType>application/json; charset=utf-8</con:mediaType><con:status>200</con:status><con:params/><con:element>Response</con:element></con:representation><con:representation type="REQUEST"><con:mediaType>application/json</con:mediaType><con:params/></con:representation><con:representation type="RESPONSE"><con:mediaType xsi:nil="true"/><con:status>0</con:status><con:params/><con:element>data</con:element></con:representation><con:representation type="RESPONSE"><con:mediaType xsi:nil="true"/><con:status>0</con:status><con:params/><con:element>data</con:element></con:representation><con:request name="Request 1" id="1b715ee2-a2b3-48ce-be03-a8591d39aee8" mediaType="application/json" postQueryString="false"><con:settings><con:setting id="com.eviware.soapui.impl.wsdl.WsdlRequest@request-headers">&lt;xml-fragment/></con:setting></con:settings><con:endpoint>http://localhost:7800</con:endpoint><con:request>
{
	"EmployeeIds": ["100", "101", "102"]
}
</con:request><con:originalUri>http://localhost/JSONArrayRead</con:originalUri><con:credentials><con:authType>No Authorization</con:authType></con:credentials><con:jmsConfig JMSDeliveryMode="PERSISTENT"/><con:jmsPropertyConfig/><con:parameters/></con:request><con:request name="JsonRead" id="94452088-1aab-4955-8617-98901607490d" mediaType="application/json" postQueryString="false"><con:settings><con:setting id="com.eviware.soapui.impl.wsdl.WsdlRequest@request-headers">&lt;xml-fragment/></con:setting></con:settings><con:endpoint>http://localhost:7800</con:endpoint><con:request>
{
	"Employees": [{
		"Id": "100",
		"name": "naresh",
		"sal": "10000"
	}, {
		"Id": "102",
		"name": "harish",
		"sal": "20000"

	},
	{
		"Id": "103",
		"name": "Randeer",
		"sal": "30000"

	}]
}</con:request><con:originalUri>http://localhost/JSONArrayRead</con:originalUri><con:credentials><con:authType>No Authorization</con:authType></con:credentials><con:jmsConfig JMSDeliveryMode="PERSISTENT"/><con:jmsPropertyConfig/><con:parameters/></con:request></con:method></con:resource><con:resource name="XMLArray" path="/XMLArray" id="7004ba38-ee3c-40d7-a7f5-10b117423f09"><con:settings/><con:parameters/><con:method name="Method 1" id="c7f7699c-71fa-43ab-a6a7-f16d1d689c08" method="POST"><con:settings/><con:parameters/><con:representation type="RESPONSE"><con:mediaType>text/xml; charset=utf-8</con:mediaType><con:status>200</con:status><con:params/><con:element>Response</con:element></con:representation><con:representation type="FAULT"><con:mediaType>text/xml; charset=utf-8</con:mediaType><con:status>500</con:status><con:params/><con:element xmlns:soapenv="http://schemas.xmlsoap.org/soap/envelope/">soapenv:Envelope</con:element></con:representation><con:representation type="REQUEST"><con:mediaType>application/json</con:mediaType><con:params/><con:element>Employees</con:element></con:representation><con:representation type="REQUEST"><con:mediaType>application/xml</con:mediaType><con:params/><con:element>Employees</con:element></con:representation><con:request name="Request 1" id="eb7ad7d8-ec4b-4909-a135-97f60d8939a6" mediaType="application/xml" postQueryString="false"><con:settings><con:setting id="com.eviware.soapui.impl.wsdl.WsdlRequest@request-headers">&lt;xml-fragment/></con:setting></con:settings><con:endpoint>http://localhost:7800</con:endpoint><con:request><![CDATA[<Employees>
   <EmpDetails>
      <Id>100</Id>
      <name>naresh</name>
      <sal>10000</sal>
   </EmpDetails>
   <EmpDetails>
      <Id>101</Id>
      <name>harish</name>
      <sal>20000</sal>
   </EmpDetails>
   <EmpDetails>
      <Id>103</Id>
      <name>Randeer</name>
      <sal>30000</sal>
   </EmpDetails>
</Employees>]]></con:request><con:originalUri>http://localhost/XMLArray</con:originalUri><con:credentials><con:authType>No Authorization</con:authType></con:credentials><con:jmsConfig JMSDeliveryMode="PERSISTENT"/><con:jmsPropertyConfig/><con:parameters/></con:request></con:method></con:resource><con:resource name="Leave" path="/Leave" id="70c07949-15a4-4b6f-a01c-c691bf795891"><con:settings/><con:parameters/><con:method name="Method 1" id="62da9c95-1723-4c80-8185-bcdb1196ae91" method="POST"><con:settings/><con:parameters/><con:representation type="RESPONSE"><con:mediaType>application/json; charset=utf-8</con:mediaType><con:status>200</con:status><con:params/><con:element xmlns:leav="http://localhost/Leave">leav:Response</con:element></con:representation><con:representation type="REQUEST"><con:mediaType>application/json</con:mediaType><con:params/></con:representation><con:request name="Request 1" id="efc232e5-e90e-4166-8b96-0cff8d6bcc41" mediaType="application/json" postQueryString="false"><con:settings><con:setting id="com.eviware.soapui.impl.wsdl.WsdlRequest@request-headers">&lt;xml-fragment/></con:setting></con:settings><con:endpoint>http://localhost:7800</con:endpoint><con:request>
{
	"EmployeeIds": ["100", "101", "104","103","101","105","104"]
}
</con:request><con:originalUri>http://localhost/Leave</con:originalUri><con:credentials><con:authType>No Authorization</con:authType></con:credentials><con:jmsConfig JMSDeliveryMode="PERSISTENT"/><con:jmsPropertyConfig/><con:parameters/></con:request></con:method></con:resource><con:resource name="WhileLoop" path="/WhileLoop" id="8d8c0630-a497-42cb-a17e-f86fe7adc1be"><con:settings/><con:parameters/><con:method name="Method 1" id="a963b302-0270-454d-8b7f-7f91255ddd97" method="POST"><con:settings/><con:parameters/><con:representation type="RESPONSE"><con:mediaType>application/json; charset=utf-8</con:mediaType><con:status>200</con:status><con:params/><con:element>Response</con:element></con:representation><con:representation type="RESPONSE"><con:mediaType xsi:nil="true"/><con:status>0</con:status><con:params/><con:element>data</con:element></con:representation><con:representation type="REQUEST"><con:mediaType>application/json</con:mediaType><con:params/></con:representation><con:representation type="RESPONSE"><con:mediaType xsi:nil="true"/><con:status>0</con:status><con:params/><con:element>data</con:element></con:representation><con:request name="Request 1" id="cd5bea0a-7e83-4c04-a84a-8a353f159fa7" mediaType="application/json" postQueryString="false"><con:settings><con:setting id="com.eviware.soapui.impl.wsdl.WsdlRequest@request-headers">&lt;xml-fragment/></con:setting></con:settings><con:endpoint>http://localhost:7800</con:endpoint><con:request>	{
						"EmployeeIds": ["100", "101", "102"]
					}</con:request><con:originalUri>http://localhost/WhileLoop</con:originalUri><con:credentials><con:authType>No Authorization</con:authType></con:credentials><con:jmsConfig JMSDeliveryMode="PERSISTENT"/><con:jmsPropertyConfig/><con:parameters/></con:request></con:method></con:resource><con:resource name="REPEAT_LOOP_20_04_2021" path="/REPEAT_LOOP" id="fdc537c9-51bf-40d8-a144-96c75e8e9b09"><con:settings/><con:parameters/><con:method name="Method 1" id="56910ae2-75d0-41b3-b980-09a97602cbe6" method="POST"><con:settings/><con:parameters/><con:representation type="FAULT"><con:mediaType xsi:nil="true"/><con:status>405</con:status><con:params/><con:element>data</con:element></con:representation><con:representation type="FAULT"><con:mediaType xsi:nil="true"/><con:status>405</con:status><con:params/><con:element>data</con:element></con:representation><con:representation type="FAULT"><con:mediaType xsi:nil="true"/><con:status>404</con:status><con:params/><con:element>data</con:element></con:representation><con:representation type="REQUEST"><con:mediaType>application/json</con:mediaType><con:params/></con:representation><con:representation type="FAULT"><con:mediaType xsi:nil="true"/><con:status>404</con:status><con:params/><con:element>data</con:element></con:representation><con:representation type="FAULT"><con:mediaType xsi:nil="true"/><con:status>404</con:status><con:params/><con:element>data</con:element></con:representation><con:representation type="FAULT"><con:mediaType xsi:nil="true"/><con:status>404</con:status><con:params/><con:element>data</con:element></con:representation><con:representation type="FAULT"><con:mediaType xsi:nil="true"/><con:status>404</con:status><con:params/><con:element>data</con:element></con:representation><con:representation type="FAULT"><con:mediaType xsi:nil="true"/><con:status>404</con:status><con:params/><con:element>data</con:element></con:representation><con:representation type="FAULT"><con:mediaType xsi:nil="true"/><con:status>404</con:status><con:params/><con:element>data</con:element></con:representation><con:representation type="FAULT"><con:mediaType xsi:nil="true"/><con:status>404</con:status><con:params/><con:element>data</con:element></con:representation><con:representation type="FAULT"><con:mediaType xsi:nil="true"/><con:status>404</con:status><con:params/><con:element>data</con:element></con:representation><con:representation type="FAULT"><con:mediaType xsi:nil="true"/><con:status>404</con:status><con:params/><con:element>data</con:element></con:representation><con:representation type="FAULT"><con:mediaType xsi:nil="true"/><con:status>404</con:status><con:params/><con:element>data</con:element></con:representation><con:representation type="FAULT"><con:mediaType xsi:nil="true"/><con:status>404</con:status><con:params/><con:element>data</con:element></con:representation><con:representation type="FAULT"><con:mediaType xsi:nil="true"/><con:status>404</con:status><con:params/><con:element>data</con:element></con:representation><con:representation type="RESPONSE"><con:mediaType>application/json; charset=utf-8</con:mediaType><con:status>200</con:status><con:params/><con:element>Response</con:element></con:representation><con:representation type="RESPONSE"><con:mediaType xsi:nil="true"/><con:status>0</con:status><con:params/><con:element>data</con:element></con:representation><con:representation type="RESPONSE"><con:mediaType xsi:nil="true"/><con:status>0</con:status><con:params/><con:element>data</con:element></con:representation><con:request name="Request 1" id="fc9ce3dc-5f89-4b61-819f-a7582da4b32f" mediaType="application/json" postQueryString="false"><con:settings><con:setting id="com.eviware.soapui.impl.wsdl.WsdlRequest@request-headers">&lt;xml-fragment/></con:setting></con:settings><con:endpoint>http://localhost:7800</con:endpoint><con:request/><con:originalUri>http://localhost/REPEAT_LOOP_20_04_2021</con:originalUri><con:credentials><con:authType>No Authorization</con:authType></con:credentials><con:jmsConfig JMSDeliveryMode="PERSISTENT"/><con:jmsPropertyConfig/><con:parameters/></con:request></con:method></con:resource><con:resource name="Database" path="/Database" id="04f498c5-f8a9-4369-bb13-07e85237110f"><con:settings/><con:parameters/><con:method name="Method 1" id="7579c1ee-847f-4709-825f-ee00d51d0d29" method="POST"><con:settings/><con:parameters/><con:representation type="REQUEST"><con:mediaType>application/json</con:mediaType><con:params/></con:representation><con:representation type="FAULT"><con:mediaType xsi:nil="true"/><con:status>404</con:status><con:params/><con:element>data</con:element></con:representation><con:representation type="FAULT"><con:mediaType xsi:nil="true"/><con:status>404</con:status><con:params/><con:element>data</con:element></con:representation><con:representation type="FAULT"><con:mediaType xsi:nil="true"/><con:status>404</con:status><con:params/><con:element>data</con:element></con:representation><con:representation type="FAULT"><con:mediaType xsi:nil="true"/><con:status>404</con:status><con:params/><con:element>data</con:element></con:representation><con:representation type="FAULT"><con:mediaType xsi:nil="true"/><con:status>404</con:status><con:params/><con:element>data</con:element></con:representation><con:representation type="RESPONSE"><con:mediaType xsi:nil="true"/><con:status>0</con:status><con:params/><con:element>data</con:element></con:representation><con:representation type="RESPONSE"><con:mediaType>application/json; charset=utf-8</con:mediaType><con:status>200</con:status><con:params/><con:element xmlns:dat="http://localhost/Database">dat:Response</con:element></con:representation><con:representation type="RESPONSE"><con:mediaType xsi:nil="true"/><con:status>0</con:status><con:params/><con:element>data</con:element></con:representation><con:request name="Request 1" id="7505dd12-b772-4354-b409-cf3c64e71f9c" mediaType="application/json" postQueryString="false"><con:settings><con:setting id="com.eviware.soapui.impl.wsdl.WsdlRequest@request-headers">&lt;xml-fragment/></con:setting></con:settings><con:endpoint>http://localhost:7800</con:endpoint><con:request>{
	"RegistrationFormReq": {
		"Name": "Randeer",
		"MobileNumber": "",
		"EmailId": "abcads@gmailcom",
		"PanNumber": "7887QRF",
		"AdharNumber": "7478947894",
		"Address": "delhi"
	}
}</con:request><con:originalUri>http://localhost/Database</con:originalUri><con:credentials><con:authType>No Authorization</con:authType></con:credentials><con:jmsConfig JMSDeliveryMode="PERSISTENT"/><con:jmsPropertyConfig/><con:parameters/></con:request></con:method></con:resource><con:resource name="Update" path="/Update" id="196d5c85-f2ac-4906-a0af-f8f128b2af81"><con:settings/><con:parameters/><con:method name="Method 1" id="49b31657-099f-43d0-bcf6-4b3166736e34" method="POST"><con:settings/><con:parameters/><con:representation type="RESPONSE"><con:mediaType>application/json; charset=utf-8</con:mediaType><con:status>200</con:status><con:params/><con:element xmlns:upd="http://localhost/Update">upd:Response</con:element></con:representation><con:representation type="REQUEST"><con:mediaType>application/json</con:mediaType><con:params/></con:representation><con:request name="Request 1" id="34157ea7-4e05-48b1-801f-dbcc446bbeaf" mediaType="application/json" postQueryString="false"><con:settings><con:setting id="com.eviware.soapui.impl.wsdl.WsdlRequest@request-headers">&lt;xml-fragment/></con:setting></con:settings><con:endpoint>http://localhost:7800</con:endpoint><con:request>
{
	"UpdateAddrReq": {		
		"PanNumber": "7887QRF",		
		"Address": "kolkata"
	}
}</con:request><con:originalUri>http://localhost/Update</con:originalUri><con:credentials><con:authType>No Authorization</con:authType></con:credentials><con:jmsConfig JMSDeliveryMode="PERSISTENT"/><con:jmsPropertyConfig/><con:parameters/></con:request></con:method></con:resource><con:resource name="Delete" path="/Delete" id="ccd533e3-8700-45c5-b6da-feca6178e33f"><con:settings/><con:parameters/><con:method name="Method 1" id="8ecf2ac1-7b9e-4fc8-9b17-bb2badbbe4c6" method="POST"><con:settings/><con:parameters/><con:representation type="REQUEST"><con:mediaType>application/json</con:mediaType><con:params/></con:representation><con:representation type="RESPONSE"><con:mediaType>application/json; charset=utf-8</con:mediaType><con:status>200</con:status><con:params/><con:element xmlns:del="http://localhost/Delete">del:Response</con:element></con:representation><con:request name="Request 1" id="850a1c60-dac7-47f7-ae69-01e795c9afee" mediaType="application/json" postQueryString="false"><con:settings><con:setting id="com.eviware.soapui.impl.wsdl.WsdlRequest@request-headers">&lt;xml-fragment/></con:setting></con:settings><con:endpoint>http://localhost:7800</con:endpoint><con:request>{
	"CloseAccountReq": {		
		"PanNumber": "7887QRF"		
		
	}
}</con:request><con:originalUri>http://localhost/Delete</con:originalUri><con:credentials><con:authType>No Authorization</con:authType></con:credentials><con:jmsConfig JMSDeliveryMode="PERSISTENT"/><con:jmsPropertyConfig/><con:parameters/></con:request></con:method></con:resource><con:resource name="Select" path="/Select" id="cc917f5b-b4fc-4ee1-b38f-5506460658ec"><con:settings/><con:parameters/><con:method name="Method 1" id="9cc7c4d5-f076-45ca-9729-f12b6d1d8257" method="POST"><con:settings/><con:parameters/><con:representation type="REQUEST"><con:mediaType>application/json</con:mediaType><con:params/></con:representation><con:representation type="FAULT"><con:mediaType xsi:nil="true"/><con:status>404</con:status><con:params/><con:element>data</con:element></con:representation><con:representation type="RESPONSE"><con:mediaType>application/json; charset=utf-8</con:mediaType><con:status>200</con:status><con:params/><con:element xmlns:sel="http://localhost/Select">sel:Response</con:element></con:representation><con:representation type="RESPONSE"><con:mediaType xsi:nil="true"/><con:status>0</con:status><con:params/><con:element>data</con:element></con:representation><con:representation type="RESPONSE"><con:mediaType xsi:nil="true"/><con:status>0</con:status><con:params/><con:element>data</con:element></con:representation><con:request name="Request 1" id="fff82703-97bd-4da6-841e-40a84c3fff34" mediaType="application/json" postQueryString="false"><con:settings><con:setting id="com.eviware.soapui.impl.wsdl.WsdlRequest@request-headers">&lt;xml-fragment/></con:setting></con:settings><con:endpoint>http://localhost:7800</con:endpoint><con:request>{
	"RegistrationFormReq": {
		"Name": "Randeer",
		"MobileNumber": "8888888888",
		"EmailId": "abcads@gmailcom",
		"PanNumber": "7887QRjF",
		"AdharNumber": "7478947894",
		"Address": "delhi"
	}
}</con:request><con:originalUri>http://localhost/Select</con:originalUri><con:credentials><con:authType>No Authorization</con:authType></con:credentials><con:jmsConfig JMSDeliveryMode="PERSISTENT"/><con:jmsPropertyConfig/><con:parameters/></con:request></con:method></con:resource><con:resource name="InsertWay2" path="/InsertWay2" id="d188d011-dd5a-4b9c-9b81-81595829bc05"><con:settings/><con:parameters/><con:method name="Method 1" id="50a686dc-009b-4857-8fd2-37b5482a3d40" method="POST"><con:settings/><con:parameters/><con:representation type="RESPONSE"><con:mediaType xsi:nil="true"/><con:status>0</con:status><con:params/><con:element>data</con:element></con:representation><con:representation type="REQUEST"><con:mediaType>application/json</con:mediaType><con:params/></con:representation><con:representation type="RESPONSE"><con:mediaType>text/xml; charset=utf-8</con:mediaType><con:status>200</con:status><con:params/><con:element>data</con:element></con:representation><con:representation type="RESPONSE"><con:mediaType xsi:nil="true"/><con:status>0</con:status><con:params/><con:element>data</con:element></con:representation><con:representation type="RESPONSE"><con:mediaType xsi:nil="true"/><con:status>0</con:status><con:params/><con:element>data</con:element></con:representation><con:representation type="RESPONSE"><con:mediaType xsi:nil="true"/><con:status>0</con:status><con:params/><con:element>data</con:element></con:representation><con:representation type="RESPONSE"><con:mediaType>application/json; charset=utf-8</con:mediaType><con:status>200</con:status><con:params/><con:element xmlns:ins="http://localhost/InsertWay2">ins:Response</con:element></con:representation><con:representation type="RESPONSE"><con:mediaType xsi:nil="true"/><con:status>0</con:status><con:params/><con:element>data</con:element></con:representation><con:representation type="RESPONSE"><con:mediaType xsi:nil="true"/><con:status>0</con:status><con:params/><con:element>data</con:element></con:representation><con:representation type="RESPONSE"><con:mediaType xsi:nil="true"/><con:status>0</con:status><con:params/><con:element>data</con:element></con:representation><con:representation type="RESPONSE"><con:mediaType xsi:nil="true"/><con:status>0</con:status><con:params/><con:element>data</con:element></con:representation><con:request name="Request 1" id="939c7d4f-8b5d-4bfa-9fe8-83f9fbec0c52" mediaType="application/json" postQueryString="false"><con:settings><con:setting id="com.eviware.soapui.impl.wsdl.WsdlRequest@request-headers">&lt;xml-fragment/></con:setting></con:settings><con:endpoint>http://localhost:7800</con:endpoint><con:request>{
	"RegistrationFormReq": {
		"Name": "Randeer2",
		"MobileNumber": "8888888888",
		"EmailId": "abcads@gmailcom",
		"PanNumber": "7887QRF",
		"AdharNumber": "7478947894",
		"Address": "delhi"
	}
}</con:request><con:originalUri>http://localhost/InsertWay2</con:originalUri><con:credentials><con:authType>No Authorization</con:authType></con:credentials><con:jmsConfig JMSDeliveryMode="PERSISTENT"/><con:jmsPropertyConfig/><con:parameters/></con:request></con:method></con:resource><con:resource name="DatabaseWay3" path="/DatabaseWay3" id="e0062056-b4dd-4dc3-b067-b143f853e9a0"><con:settings/><con:parameters/><con:method name="Method 1" id="1e02b418-e7f1-4996-afef-90bb7e2868e5" method="POST"><con:settings/><con:parameters/><con:representation type="REQUEST"><con:mediaType>application/json</con:mediaType><con:params/></con:representation><con:representation type="RESPONSE"><con:mediaType>text/xml; charset=utf-8</con:mediaType><con:status>200</con:status><con:params/><con:element>data</con:element></con:representation><con:representation type="RESPONSE"><con:mediaType>application/json; charset=utf-8</con:mediaType><con:status>200</con:status><con:params/><con:element xmlns:dat="http://localhost/DatabaseWay3">dat:Response</con:element></con:representation><con:representation type="RESPONSE"><con:mediaType xsi:nil="true"/><con:status>0</con:status><con:params/><con:element>data</con:element></con:representation><con:request name="Request 1" id="9903a903-752a-49ec-9cb8-2f9a38f9b73b" mediaType="application/json" postQueryString="false"><con:settings><con:setting id="com.eviware.soapui.impl.wsdl.WsdlRequest@request-headers">&lt;xml-fragment/></con:setting></con:settings><con:endpoint>http://localhost:7800</con:endpoint><con:request>{
	"RegistrationFormReq": {
		"Name": "Randeer",
		"MobileNumber": "8888888888",
		"EmailId": "abcads@gmailcom",
		"PanNumber": "33337887QRF",
		"AdharNumber": "7478947894",
		"Address": "delhi"
	}
}</con:request><con:originalUri>http://localhost/DatabaseWay3</con:originalUri><con:credentials><con:authType>No Authorization</con:authType></con:credentials><con:jmsConfig JMSDeliveryMode="PERSISTENT"/><con:jmsPropertyConfig/><con:parameters/></con:request></con:method></con:resource><con:resource name="DatabaseStoredProcedureCalling" path="/DatabaseStoredProcedureCalling" id="cb64bce1-51c1-4588-ba2a-320e30788b1e"><con:settings/><con:parameters/><con:method name="Method 1" id="e0897198-4f2b-4ef2-9035-f518a6beb23f" method="POST"><con:settings/><con:parameters/><con:representation type="RESPONSE"><con:mediaType>text/xml; charset=utf-8</con:mediaType><con:status>200</con:status><con:params/><con:element>data</con:element></con:representation><con:representation type="REQUEST"><con:mediaType>application/json</con:mediaType><con:params/></con:representation><con:representation type="RESPONSE"><con:mediaType xsi:nil="true"/><con:status>0</con:status><con:params/><con:element>data</con:element></con:representation><con:representation type="RESPONSE"><con:mediaType>application/json; charset=utf-8</con:mediaType><con:status>200</con:status><con:params/><con:element xmlns:dat="http://localhost/DatabaseStoredProcedureCalling">dat:Response</con:element></con:representation><con:request name="Request 1" id="65ef3839-46b2-453e-9a39-ba7666c76daa" mediaType="application/json" postQueryString="false"><con:settings><con:setting id="com.eviware.soapui.impl.wsdl.WsdlRequest@request-headers">&lt;xml-fragment/></con:setting></con:settings><con:endpoint>http://localhost:7800</con:endpoint><con:request>{
	"RegistrationFormReq": {
		"Name": "Randeer",
		"MobileNumber": "",
		"EmailId": "abcads@gmailcom",
		"PanNumber": "7887QRF",
		"AdharNumber": "7478947894",
		"Address": "delhi"
	}
}</con:request><con:originalUri>http://localhost/DatabaseStoredProcedureCalling</con:originalUri><con:credentials><con:authType>No Authorization</con:authType></con:credentials><con:jmsConfig JMSDeliveryMode="PERSISTENT"/><con:jmsPropertyConfig/><con:parameters/></con:request></con:method></con:resource><con:resource name="HttpGetQueryParameters" path="/HttpGetQueryParameters?pan=7887QRF&amp;adhar=7478947894" id="c0ceec31-2678-44b5-bf18-80b46959b331"><con:settings/><con:parameters/><con:method name="Method 1" id="9ad23c3a-0aeb-455f-9391-6be9027a25d1" method="GET"><con:settings/><con:parameters/><con:representation type="FAULT"><con:mediaType xsi:nil="true"/><con:status>405</con:status><con:params/><con:element>data</con:element></con:representation><con:representation type="FAULT"><con:mediaType xsi:nil="true"/><con:status>404</con:status><con:params/><con:element>data</con:element></con:representation><con:representation type="REQUEST"><con:mediaType>application/json</con:mediaType><con:params/></con:representation><con:representation type="RESPONSE"><con:mediaType>text/xml; charset=utf-8</con:mediaType><con:status>200</con:status><con:params/><con:element>data</con:element></con:representation><con:representation type="RESPONSE"><con:mediaType xsi:nil="true"/><con:status>0</con:status><con:params/><con:element>data</con:element></con:representation><con:representation type="FAULT"><con:mediaType xsi:nil="true"/><con:status>405</con:status><con:params/><con:element>data</con:element></con:representation><con:representation type="FAULT"><con:mediaType>text/xml; charset=utf-8</con:mediaType><con:status>500</con:status><con:params/><con:element xmlns:soapenv="http://schemas.xmlsoap.org/soap/envelope/">soapenv:Envelope</con:element></con:representation><con:representation type="RESPONSE"><con:mediaType xsi:nil="true"/><con:status>0</con:status><con:params/><con:element>data</con:element></con:representation><con:representation type="FAULT"><con:mediaType>text/html; charset=utf-8</con:mediaType><con:status>500</con:status><con:params/><con:element>html</con:element></con:representation><con:representation type="RESPONSE"><con:mediaType>application/json; charset=utf-8</con:mediaType><con:status>200</con:status><con:params/><con:element xmlns:htt="http://localhost/HttpGetQueryParameters">htt:Response</con:element></con:representation><con:request name="Request 1" id="42344ca4-01ec-44bc-bbf9-64b61c06222b" mediaType="application/json" postQueryString="false"><con:settings><con:setting id="com.eviware.soapui.impl.wsdl.WsdlRequest@request-headers">&lt;xml-fragment/></con:setting></con:settings><con:endpoint>http://localhost:7800</con:endpoint><con:request/><con:originalUri>http://localhost/HttpGetQueryParameters</con:originalUri><con:credentials><con:authType>No Authorization</con:authType></con:credentials><con:jmsConfig JMSDeliveryMode="PERSISTENT"/><con:jmsPropertyConfig/><con:parameters/><con:parameterOrder><con:entry/></con:parameterOrder></con:request></con:method></con:resource><con:resource name="7887QRF" path="/HttpGetPathSuffixValue/7887QRF" id="c55829c5-859f-4059-aab2-6b1a552b5f62"><con:settings/><con:parameters/><con:method name="Method 1" id="6ac8318c-26ec-4c7f-ad0b-479b021c6af6" method="GET"><con:settings/><con:parameters/><con:representation type="FAULT"><con:mediaType xsi:nil="true"/><con:status>405</con:status><con:params/><con:element>data</con:element></con:representation><con:representation type="REQUEST"><con:mediaType>application/json</con:mediaType><con:params/></con:representation><con:representation type="RESPONSE"><con:mediaType>text/xml; charset=utf-8</con:mediaType><con:status>200</con:status><con:params/><con:element>data</con:element></con:representation><con:representation type="RESPONSE"><con:mediaType xsi:nil="true"/><con:status>0</con:status><con:params/><con:element>data</con:element></con:representation><con:representation type="RESPONSE"><con:mediaType xsi:nil="true"/><con:status>0</con:status><con:params/><con:element>data</con:element></con:representation><con:representation type="RESPONSE"><con:mediaType xsi:nil="true"/><con:status>0</con:status><con:params/><con:element>data</con:element></con:representation><con:representation type="RESPONSE"><con:mediaType>application/json; charset=utf-8</con:mediaType><con:status>200</con:status><con:params/><con:element xmlns:loc="http://localhost/">loc:Response</con:element></con:representation><con:representation type="RESPONSE"><con:mediaType xsi:nil="true"/><con:status>0</con:status><con:params/><con:element>data</con:element></con:representation><con:representation type="RESPONSE"><con:mediaType xsi:nil="true"/><con:status>0</con:status><con:params/><con:element>data</con:element></con:representation><con:request name="Request 1" id="0fe100c7-a0c6-4276-b3a9-f42792f7a1bf" mediaType="application/json" postQueryString="false"><con:settings><con:setting id="com.eviware.soapui.impl.wsdl.WsdlRequest@request-headers">&lt;xml-fragment/></con:setting></con:settings><con:endpoint>http://localhost:7800</con:endpoint><con:request/><con:originalUri>http://localhost/</con:originalUri><con:credentials><con:authType>No Authorization</con:authType></con:credentials><con:jmsConfig JMSDeliveryMode="PERSISTENT"/><con:jmsPropertyConfig/><con:parameters/></con:request></con:method></con:resource><con:resource name="ThirdPartyOrExternalAPICall" path="/ThirdPartyOrExternalAPICall" id="fdf3c4ba-4706-4b5e-8cc6-6e007d874e98"><con:settings/><con:parameters/><con:method name="Method 1" id="93d8a9bd-781c-4e40-bcc0-c380e4acae4d" method="POST"><con:settings/><con:parameters/><con:representation type="REQUEST"><con:mediaType>application/json</con:mediaType><con:params/></con:representation><con:representation type="RESPONSE"><con:mediaType>application/json; charset=utf-8</con:mediaType><con:status>200</con:status><con:params/><con:element xmlns:thir="http://localhost/ThirdPartyOrExternalAPICall">thir:Response</con:element></con:representation><con:representation type="RESPONSE"><con:mediaType xsi:nil="true"/><con:status>0</con:status><con:params/><con:element>data</con:element></con:representation><con:representation type="RESPONSE"><con:mediaType xsi:nil="true"/><con:status>0</con:status><con:params/><con:element>data</con:element></con:representation><con:representation type="RESPONSE"><con:mediaType xsi:nil="true"/><con:status>0</con:status><con:params/><con:element>data</con:element></con:representation><con:representation type="RESPONSE"><con:mediaType xsi:nil="true"/><con:status>0</con:status><con:params/><con:element>data</con:element></con:representation><con:representation type="RESPONSE"><con:mediaType xsi:nil="true"/><con:status>0</con:status><con:params/><con:element>data</con:element></con:representation><con:representation type="RESPONSE"><con:mediaType xsi:nil="true"/><con:status>0</con:status><con:params/><con:element>data</con:element></con:representation><con:representation type="RESPONSE"><con:mediaType xsi:nil="true"/><con:status>0</con:status><con:params/><con:element>data</con:element></con:representation><con:representation type="RESPONSE"><con:mediaType xsi:nil="true"/><con:status>0</con:status><con:params/><con:element>data</con:element></con:representation><con:representation type="RESPONSE"><con:mediaType xsi:nil="true"/><con:status>0</con:status><con:params/><con:element>data</con:element></con:representation><con:representation type="FAULT"><con:mediaType>text/xml; charset=utf-8</con:mediaType><con:status>500</con:status><con:params/><con:element xmlns:soapenv="http://schemas.xmlsoap.org/soap/envelope/">soapenv:Envelope</con:element></con:representation><con:request name="Request 1" id="907ee265-6534-419b-b3ce-999888dd046a" mediaType="application/json" postQueryString="false"><con:settings><con:setting id="com.eviware.soapui.impl.wsdl.WsdlRequest@request-headers">&lt;xml-fragment/></con:setting></con:settings><con:endpoint>http://localhost:7800</con:endpoint><con:request>{
	"RegistrationFormReq": {
		"Name": "xyz",
		"MobileNumber": "1234567890",
		"EmailId": "abcads@gmailcom",
		"PanNumber": "ABCD1234",
		"AdharNumber": "111122223333",
		"Address": "delhi"
	}
}</con:request><con:originalUri>http://localhost/ThirdPartyOrExternalAPICall</con:originalUri><con:credentials><con:authType>No Authorization</con:authType></con:credentials><con:jmsConfig JMSDeliveryMode="PERSISTENT"/><con:jmsPropertyConfig/><con:parameters/></con:request></con:method></con:resource><con:resource name="ABCD1234" path="/PathSuffixPanService/ABCD123" id="e4b24434-5e8f-4c6e-8c63-f26a6c03d5ee"><con:settings/><con:parameters/><con:method name="Method 1" id="f6967e64-b0d3-4738-9170-29ea4dd97cbb" method="GET"><con:settings/><con:parameters/><con:representation type="RESPONSE"><con:mediaType>application/json; charset=utf-8</con:mediaType><con:status>200</con:status><con:params/><con:element xmlns:abc="http://localhost/PathSuffixPanService/ABCD1234">abc:Response</con:element></con:representation><con:request name="Request 1" id="6c535aa9-4ae7-47fe-8291-c91a57a36414" mediaType="application/json"><con:settings><con:setting id="com.eviware.soapui.impl.wsdl.WsdlRequest@request-headers">&lt;xml-fragment/></con:setting></con:settings><con:endpoint>http://localhost:7800</con:endpoint><con:request/><con:originalUri>http://localhost/PathSuffixPanService/ABCD1234</con:originalUri><con:credentials><con:authType>No Authorization</con:authType></con:credentials><con:jmsConfig JMSDeliveryMode="PERSISTENT"/><con:jmsPropertyConfig/><con:parameters/></con:request></con:method></con:resource><con:resource name="QueryparamAdharService" path="/QueryparamAdharService" id="8ce1fd49-524e-4bcd-a045-fc5ad7bf49df"><con:settings/><con:parameters><con:parameter><con:name>adhar</con:name><con:value>11112222333</con:value><con:style>QUERY</con:style><con:default>11112222333</con:default></con:parameter></con:parameters><con:method name="Method 1" id="653d1a29-07dd-4add-8826-b6814940780f" method="GET"><con:settings/><con:parameters/><con:representation type="RESPONSE"><con:mediaType>text/xml; charset=utf-8</con:mediaType><con:status>200</con:status><con:params/><con:element>AdharRes</con:element></con:representation><con:request name="Request 1" id="ef8141c4-43f2-46a6-9c22-5644ac663e6e" mediaType="application/json"><con:settings><con:setting id="com.eviware.soapui.impl.wsdl.WsdlRequest@request-headers">&lt;xml-fragment/></con:setting></con:settings><con:endpoint>http://localhost:7800</con:endpoint><con:request/><con:originalUri>http://localhost/QueryparamAdharService</con:originalUri><con:credentials><con:authType>No Authorization</con:authType></con:credentials><con:jmsConfig JMSDeliveryMode="PERSISTENT"/><con:jmsPropertyConfig/><con:parameters><entry key="adhar" value="111122223333" xmlns="http://eviware.com/soapui/config"/></con:parameters><con:parameterOrder><con:entry>adhar</con:entry><con:entry/></con:parameterOrder></con:request></con:method></con:resource><con:resource name="ThirdPartyOrExternalAPIHTTPGetMethodCall" path="/ThirdPartyOrExternalAPIHTTPGetMethodCall" id="3aaa757c-c2a7-41b1-94cd-8a0c2dccb775"><con:settings/><con:parameters/><con:method name="Method 1" id="def5e190-db4a-4502-a912-a7712b0b8357" method="POST"><con:settings/><con:parameters/><con:representation type="REQUEST"><con:mediaType>application/json</con:mediaType><con:params/></con:representation><con:representation type="FAULT"><con:mediaType xsi:nil="true"/><con:status>404</con:status><con:params/><con:element>data</con:element></con:representation><con:representation type="RESPONSE"><con:mediaType xsi:nil="true"/><con:status>0</con:status><con:params/><con:element>data</con:element></con:representation><con:representation type="RESPONSE"><con:mediaType xsi:nil="true"/><con:status>0</con:status><con:params/><con:element>data</con:element></con:representation><con:representation type="RESPONSE"><con:mediaType xsi:nil="true"/><con:status>0</con:status><con:params/><con:element>data</con:element></con:representation><con:representation type="RESPONSE"><con:mediaType xsi:nil="true"/><con:status>0</con:status><con:params/><con:element>data</con:element></con:representation><con:representation type="RESPONSE"><con:mediaType>application/json; charset=utf-8</con:mediaType><con:status>200</con:status><con:params/><con:element xmlns:thir="http://localhost/ThirdPartyOrExternalAPIHTTPGetMethodCall">thir:Response</con:element></con:representation><con:request name="Request 1" id="f8fbf031-b991-4144-8db7-9d185baf3dcf" mediaType="application/json" postQueryString="false"><con:settings><con:setting id="com.eviware.soapui.impl.wsdl.WsdlRequest@request-headers">&lt;xml-fragment/></con:setting></con:settings><con:endpoint>http://localhost:7800</con:endpoint><con:request>{
	"RegistrationFormReq": {
		"Name": "raju",
		"MobileNumber": "1234567890",
		"EmailId": "abcads@gmailcom",
		"PanNumber": "ABCD1234",
		"AdharNumber": "111122223333",
		"Address": "delhi"
	}
}</con:request><con:originalUri>http://localhost/ThirdPartyOrExternalAPIHTTPGetMethodCall</con:originalUri><con:credentials><con:authType>No Authorization</con:authType></con:credentials><con:jmsConfig JMSDeliveryMode="PERSISTENT"/><con:jmsPropertyConfig/><con:parameters/></con:request></con:method></con:resource><con:resource name="FilterNode" path="/FilterNode" id="e146b6d1-ced9-4d2b-9946-5e5bd361babc"><con:settings/><con:parameters/><con:method name="Method 1" id="32c99479-59da-454c-bc3c-a91aa7adede2" method="POST"><con:settings/><con:parameters/><con:representation type="REQUEST"><con:mediaType>application/json</con:mediaType><con:params/></con:representation><con:representation type="RESPONSE"><con:mediaType xsi:nil="true"/><con:status>0</con:status><con:params/><con:element>data</con:element></con:representation><con:representation type="RESPONSE"><con:mediaType>application/json; charset=utf-8</con:mediaType><con:status>200</con:status><con:params/><con:element xmlns:fil="http://localhost/FilterNode">fil:Response</con:element></con:representation><con:request name="Request 1" id="575edea7-7437-4280-9272-b315b797e0e0" mediaType="application/json" postQueryString="false"><con:settings><con:setting id="com.eviware.soapui.impl.wsdl.WsdlRequest@request-headers">&lt;xml-fragment/></con:setting></con:settings><con:endpoint>http://localhost:7800</con:endpoint><con:request>{
	"Request": {
		"Operation": "tes",
		"Input1": 10,
		"Input2": 20	}
}</con:request><con:originalUri>http://localhost/FilterNode</con:originalUri><con:credentials><con:authType>No Authorization</con:authType></con:credentials><con:jmsConfig JMSDeliveryMode="PERSISTENT"/><con:jmsPropertyConfig/><con:parameters/></con:request></con:method></con:resource><con:resource name="LabelNodes" path="/LabelNodes" id="3426f5d6-5043-4d6c-8989-b2115e124d0c"><con:settings/><con:parameters/><con:method name="Method 1" id="846a3739-9212-4c51-82f5-49f1b846ab97" method="POST"><con:settings/><con:parameters/><con:representation type="REQUEST"><con:mediaType>application/json</con:mediaType><con:params/></con:representation><con:representation type="RESPONSE"><con:mediaType xsi:nil="true"/><con:status>0</con:status><con:params/><con:element>data</con:element></con:representation><con:representation type="FAULT"><con:mediaType>text/xml; charset=utf-8</con:mediaType><con:status>500</con:status><con:params/><con:element xmlns:soapenv="http://schemas.xmlsoap.org/soap/envelope/">soapenv:Envelope</con:element></con:representation><con:representation type="RESPONSE"><con:mediaType>application/json; charset=utf-8</con:mediaType><con:status>200</con:status><con:params/><con:element xmlns:lab="http://localhost/LabelNodes">lab:Response</con:element></con:representation><con:request name="Request 1" id="8ced28fe-5564-4f6d-80f4-c8ca4f046b04" mediaType="application/json" postQueryString="false"><con:settings><con:setting id="com.eviware.soapui.impl.wsdl.WsdlRequest@request-headers">&lt;xml-fragment/></con:setting></con:settings><con:endpoint>http://localhost:7800</con:endpoint><con:request>{
	"Request": {
		"Operation": "Subtraction",
		"Input1": 10,
		"Input2": 20	}
}</con:request><con:originalUri>http://localhost/LabelNodes</con:originalUri><con:credentials><con:authType>No Authorization</con:authType></con:credentials><con:jmsConfig JMSDeliveryMode="PERSISTENT"/><con:jmsPropertyConfig/><con:parameters/></con:request></con:method></con:resource><con:resource name="DataTypes1" path="/DataTypes1" id="ce4a48c4-e268-4adb-9a0c-ea9d53ad3dad"><con:settings/><con:parameters/><con:method name="Method 1" id="407d25a6-83f5-4e91-a910-a2edbb42c4c4" method="POST"><con:settings/><con:parameters/><con:representation type="FAULT"><con:mediaType xsi:nil="true"/><con:status>404</con:status><con:params/><con:element>data</con:element></con:representation><con:representation type="REQUEST"><con:mediaType>application/json</con:mediaType><con:params/></con:representation><con:representation type="FAULT"><con:mediaType xsi:nil="true"/><con:status>404</con:status><con:params/><con:element>data</con:element></con:representation><con:representation type="RESPONSE"><con:mediaType>application/json; charset=utf-8</con:mediaType><con:status>200</con:status><con:params/><con:element xmlns:dat="http://localhost/DataTypes1">dat:Response</con:element></con:representation><con:representation type="RESPONSE"><con:mediaType xsi:nil="true"/><con:status>0</con:status><con:params/><con:element>data</con:element></con:representation><con:request name="Request 1" id="3c13edc2-218e-4353-b11d-10429d60def4" mediaType="application/json" postQueryString="false"><con:settings><con:setting id="com.eviware.soapui.impl.wsdl.WsdlRequest@request-headers">&lt;xml-fragment/></con:setting></con:settings><con:endpoint>http://18.224.107.100:7800</con:endpoint><con:request/><con:originalUri>http://localhost/DataTypes1</con:originalUri><con:credentials><con:authType>No Authorization</con:authType></con:credentials><con:jmsConfig JMSDeliveryMode="PERSISTENT"/><con:jmsPropertyConfig/><con:parameters/></con:request></con:method></con:resource><con:resource name="ComputeMode" path="/ComputeMode" id="40f3b5a9-0680-4e03-afdd-35ff3dd2fe2d"><con:settings/><con:parameters/><con:method name="Method 1" id="8c00cf74-cd58-4000-ab77-ffdb52d3825c" method="POST"><con:settings/><con:parameters/><con:representation type="RESPONSE"><con:mediaType>text/xml; charset=utf-8</con:mediaType><con:status>200</con:status><con:params/><con:element>data</con:element></con:representation><con:representation type="REQUEST"><con:mediaType>application/json</con:mediaType><con:params/></con:representation><con:representation type="RESPONSE"><con:mediaType xsi:nil="true"/><con:status>0</con:status><con:params/><con:element>data</con:element></con:representation><con:representation type="RESPONSE"><con:mediaType xsi:nil="true"/><con:status>0</con:status><con:params/><con:element>data</con:element></con:representation><con:representation type="RESPONSE"><con:mediaType xsi:nil="true"/><con:status>0</con:status><con:params/><con:element>data</con:element></con:representation><con:representation type="RESPONSE"><con:mediaType xsi:nil="true"/><con:status>0</con:status><con:params/><con:element>data</con:element></con:representation><con:representation type="RESPONSE"><con:mediaType xsi:nil="true"/><con:status>0</con:status><con:params/><con:element>data</con:element></con:representation><con:representation type="RESPONSE"><con:mediaType xsi:nil="true"/><con:status>0</con:status><con:params/><con:element>data</con:element></con:representation><con:representation type="FAULT"><con:mediaType>text/xml; charset=utf-8</con:mediaType><con:status>500</con:status><con:params/><con:element xmlns:soapenv="http://schemas.xmlsoap.org/soap/envelope/">soapenv:Envelope</con:element></con:representation><con:request name="Request 1" id="59a32cca-fec2-489a-b3aa-036f48a56b8f" mediaType="application/json" postQueryString="false"><con:settings><con:setting id="com.eviware.soapui.impl.wsdl.WsdlRequest@request-headers">&lt;xml-fragment/></con:setting></con:settings><con:endpoint>https://localhost:7800</con:endpoint><con:request>{
	"RegistrationFormReq": {
		"Name": "raju",
		"MobileNumber": "1234567890",
		"EmailId": "abcads@gmailcom",
		"PanNumber": "ABCD1234",
		"AdharNumber": "111122223333",
		"Address": "delhi"
	}
}</con:request><con:originalUri>http://localhost/ComputeMode</con:originalUri><con:credentials><con:authType>No Authorization</con:authType></con:credentials><con:jmsConfig JMSDeliveryMode="PERSISTENT"/><con:jmsPropertyConfig/><con:parameters/></con:request></con:method></con:resource><con:resource name="SchemaValidation" path="/SchemaValidation" id="fabe897c-7967-4c9b-8c10-df40554f2474"><con:settings/><con:parameters/><con:method name="Method 1" id="59afeda2-3d9e-40f6-a1c9-42cbd7ea3c31" method="POST"><con:settings/><con:parameters/><con:representation type="RESPONSE"><con:mediaType>text/xml; charset=utf-8</con:mediaType><con:status>200</con:status><con:params/><con:element>data</con:element></con:representation><con:representation type="REQUEST"><con:mediaType>application/xml</con:mediaType><con:params/><con:element>RegistrationFormReq</con:element></con:representation><con:representation type="FAULT"><con:mediaType>text/xml; charset=utf-8</con:mediaType><con:status>500</con:status><con:params/><con:element xmlns:soapenv="http://schemas.xmlsoap.org/soap/envelope/">soapenv:Envelope</con:element></con:representation><con:representation type="RESPONSE"><con:mediaType>application/xml</con:mediaType><con:status>200</con:status><con:params/><con:element>RegistrationFormReq</con:element></con:representation><con:request name="Request 1" id="6d99f4b2-f252-4cdd-8f3e-b211b6306aee" mediaType="application/xml" postQueryString="false"><con:settings><con:setting id="com.eviware.soapui.impl.wsdl.WsdlRequest@request-headers">&lt;xml-fragment/></con:setting></con:settings><con:endpoint>http://localhost:7800</con:endpoint><con:request><![CDATA[<RegistrationFormReq>
   <Name>rfh1fju</Name>
   <MobileNumber>2345111111</MobileNumber>
   <EmailId>abcads@gmailcom</EmailId>
   <PanNumber>ABCD1234</PanNumber>
   <AdharNumber>111122223333</AdharNumber>
   <Address>delhi</Address>
</RegistrationFormReq>]]></con:request><con:originalUri>http://localhost/SchemaValidation</con:originalUri><con:credentials><con:authType>No Authorization</con:authType></con:credentials><con:jmsConfig JMSDeliveryMode="PERSISTENT"/><con:jmsPropertyConfig/><con:parameters/></con:request></con:method></con:resource><con:resource name="SoapConsumer" path="/SoapConsumer" id="e72aa9c0-ee5c-46bc-a90f-f2fca6c58535"><con:settings/><con:parameters/><con:method name="Method 1" id="47fad89e-dd45-4b4e-9cc3-56d6066db436" method="POST"><con:settings/><con:parameters/><con:representation type="REQUEST"><con:mediaType>application/json</con:mediaType><con:params/></con:representation><con:representation type="RESPONSE"><con:mediaType xsi:nil="true"/><con:status>0</con:status><con:params/><con:element>data</con:element></con:representation><con:representation type="RESPONSE"><con:mediaType>text/xml;charset=utf-8</con:mediaType><con:status>200</con:status><con:params/><con:element>SOAP_Domain_Msg</con:element></con:representation><con:representation type="RESPONSE"><con:mediaType xsi:nil="true"/><con:status>0</con:status><con:params/><con:element>data</con:element></con:representation><con:representation type="RESPONSE"><con:mediaType>application/json; charset=utf-8</con:mediaType><con:status>200</con:status><con:params/><con:element xmlns:soap="http://localhost/SoapConsumer">soap:Response</con:element></con:representation><con:representation type="RESPONSE"><con:mediaType xsi:nil="true"/><con:status>0</con:status><con:params/><con:element>data</con:element></con:representation><con:representation type="RESPONSE"><con:mediaType xsi:nil="true"/><con:status>0</con:status><con:params/><con:element>data</con:element></con:representation><con:request name="Request 1" id="13e222d7-40b8-4e3f-afd0-c5f8769b658e" mediaType="application/json" postQueryString="false"><con:settings><con:setting id="com.eviware.soapui.impl.wsdl.WsdlRequest@request-headers">&lt;xml-fragment/></con:setting></con:settings><con:endpoint>http://localhost:7800</con:endpoint><con:request>{
	"RegistrationFormReq": {
		"Name": "raju",
		"MobileNumber": "1234567890",
		"EmailId": "abcads@gmailcom",
		"PanNumber": "ABCD1234",
		"AdharNumber": "111122223333",
		"Address": "delhi"
	}
}</con:request><con:originalUri>http://localhost/SoapConsumer</con:originalUri><con:credentials><con:authType>No Authorization</con:authType></con:credentials><con:jmsConfig JMSDeliveryMode="PERSISTENT"/><con:jmsPropertyConfig/><con:parameters/></con:request></con:method></con:resource><con:resource name="SoapConsumerWay2" path="/SoapConsumerWay2" id="fb4a078d-6f1e-46ea-a3ba-5c0a77cd2324"><con:settings/><con:parameters/><con:method name="Method 1" id="0820531f-3f9a-4f04-8ba9-1c250f5843af" method="POST"><con:settings/><con:parameters/><con:representation type="RESPONSE"><con:mediaType xsi:nil="true"/><con:status>0</con:status><con:params/><con:element>data</con:element></con:representation><con:representation type="REQUEST"><con:mediaType>application/json</con:mediaType><con:params/></con:representation><con:representation type="RESPONSE"><con:mediaType xsi:nil="true"/><con:status>0</con:status><con:params/><con:element>data</con:element></con:representation><con:representation type="RESPONSE"><con:mediaType xsi:nil="true"/><con:status>0</con:status><con:params/><con:element>data</con:element></con:representation><con:representation type="RESPONSE"><con:mediaType>application/json; charset=utf-8</con:mediaType><con:status>200</con:status><con:params/><con:element xmlns:soap="http://localhost/SoapConsumerWay2">soap:Response</con:element></con:representation><con:request name="Request 1" id="87b41ab0-fa04-4c51-842e-f6a8bcb52fa3" mediaType="application/json" postQueryString="false"><con:settings><con:setting id="com.eviware.soapui.impl.wsdl.WsdlRequest@request-headers">&lt;xml-fragment/></con:setting></con:settings><con:endpoint>http://localhost:7800</con:endpoint><con:request>{
	"RegistrationFormReq": {
		"Name": "raju",
		"MobileNumber": "1234567890",
		"EmailId": "abcads@gmailcom",
		"PanNumber": "ABCD1234",
		"AdharNumber": "111122223333",
		"Address": "delhi"
	}
}</con:request><con:originalUri>http://localhost/SoapConsumerWay2</con:originalUri><con:credentials><con:authType>No Authorization</con:authType></con:credentials><con:jmsConfig JMSDeliveryMode="PERSISTENT"/><con:jmsPropertyConfig/><con:parameters/></con:request></con:method></con:resource><con:resource name="SoapConsumerWay3" path="/SoapConsumerWay3" id="b8d989ef-7d54-45f4-af61-01a41b3a24c3"><con:settings/><con:parameters/><con:method name="Method 1" id="b3a81d11-17de-4303-8af1-647246cd982b" method="POST"><con:settings/><con:parameters/><con:representation type="RESPONSE"><con:mediaType xsi:nil="true"/><con:status>0</con:status><con:params/><con:element>data</con:element></con:representation><con:representation type="REQUEST"><con:mediaType>application/json</con:mediaType><con:params/></con:representation><con:representation type="RESPONSE"><con:mediaType xsi:nil="true"/><con:status>0</con:status><con:params/><con:element>data</con:element></con:representation><con:representation type="FAULT"><con:mediaType>text/xml; charset=utf-8</con:mediaType><con:status>500</con:status><con:params/><con:element xmlns:soapenv="http://schemas.xmlsoap.org/soap/envelope/">soapenv:Envelope</con:element></con:representation><con:representation type="RESPONSE"><con:mediaType xsi:nil="true"/><con:status>0</con:status><con:params/><con:element>data</con:element></con:representation><con:request name="Request 1" id="68178c79-7227-449c-a3dd-ce231edb2753" mediaType="application/json" postQueryString="false"><con:settings><con:setting id="com.eviware.soapui.impl.wsdl.WsdlRequest@request-headers">&lt;xml-fragment/></con:setting></con:settings><con:endpoint>http://localhost:7800</con:endpoint><con:request>{
	"RegistrationFormReq": {
		"Name": "raju",
		"MobileNumber": "1234567890",
		"EmailId": "abcadsgmailcom",
		"PanNumber": "ABCD1234",
		"AdharNumber": "111122223333",
		"Address": "delhi"
	}
}</con:request><con:originalUri>http://localhost/SoapConsumerWay3</con:originalUri><con:credentials><con:authType>No Authorization</con:authType></con:credentials><con:jmsConfig JMSDeliveryMode="PERSISTENT"/><con:jmsPropertyConfig/><con:parameters/></con:request></con:method></con:resource></con:interface><con:properties/><con:wssContainer/><con:oAuth2ProfileContainer/><con:oAuth1ProfileContainer/></con:soapui-project>